{
  "1": {
    "2": {
      "5": {
        "title": "All-or-nothing bulk insert",
        "results": {
          "1": [
            0.25719450000906363,
            1.1699972674250603e-05
          ]
        },
        "last_v3_win": null
      }
    },
    "1": {
      "1": {
        "title": "Append single record to end of file",
        "results": {
          "1": [
            6.552769800066017,
            3.335709900013171
          ],
          "1": [
            0.009093799977563322,
            0.0009559000027365983
          ],
          "10": [
            0.001372669986449182,
            0.0012072399957105517
          ],
          "50": [
            0.0011885500000789761,
            0.001231446003075689
          ],
          "100": [
            0.0012755670008482412,
            0.0013305519986897708
          ]
        },
        "last_v3_win": 100
      },
      "2": {
        "title": "Insert record at beginning of file",
        "results": {
          "1": [
            2.7048208999913186,
            3.0603632999700494
          ]
        },
        "last_v3_win": 1
      },
      "3": {
        "title": "Insert record at specific position (line number)",
        "results": {
          "1": [
            4.265555499994662,
            4.629167499952018
          ]
        },
        "last_v3_win": 1
      },
      "4": {
        "title": "Insert with auto-generated unique ID",
        "results": {
          "1": [
            3.5749909000005573,
            3.657354299968574
          ]
        },
        "last_v3_win": 1
      },
      "5": {
        "title": "Insert with schema/constraint validation",
        "results": {
          "1": [
            2.6402482999837957,
            2.7300557999988087
          ]
        },
        "last_v3_win": 1
      }
    }
  },
  "2": {
    "2": {
      "4": {
        "title": "Retrieve paginated results (offset + limit)",
        "results": {
          "1": [
            0.015121700009331107,
            0.0126025999779813
          ]
        },
        "last_v3_win": null
      }
    }
  }
}