{
  "MASSTREE": {
    "mode": "MASSTREE",
    "name": "Masstree",
    "error": null,
    "put_performance": {
      "mean_ms": 0.0010978999416693114,
      "median_ms": 0.0010000003385357559,
      "min_ms": 0.0007999988156370819,
      "max_ms": 0.021599997126031667,
      "stdev_ms": 0.0009249003536714912,
      "ops_per_sec": 910829.8143085256
    },
    "get_performance": {
      "mean_ms": 0.001130700002249796,
      "median_ms": 0.0010000003385357559,
      "min_ms": 0.0008999995770864189,
      "max_ms": 0.0368999972124584,
      "stdev_ms": 0.0016954296384527267,
      "ops_per_sec": 884407.8871586298
    },
    "delete_performance": {
      "mean_ms": 0.0005515000302693807,
      "median_ms": 0.000500003807246685,
      "min_ms": 0.00039999576983973384,
      "max_ms": 0.005200003215577453,
      "stdev_ms": 0.00024044890439017433,
      "ops_per_sec": 1813236.5278593895
    },
    "size_performance": {
      "mean_ms": 0.0001673000369919464,
      "median_ms": 0.00019999424694105983,
      "min_ms": 9.999348549172282e-05,
      "max_ms": 0.0037000063457526267,
      "stdev_ms": 0.00012456428321520305,
      "ops_per_sec": 5977284.990368165
    }
  },
  "T_TREE": {
    "mode": "T_TREE",
    "name": "T Tree",
    "error": null,
    "put_performance": {
      "mean_ms": 0.0012030001234961674,
      "median_ms": 0.0010000003385357559,
      "min_ms": 0.0007999988156370819,
      "max_ms": 0.04610000178217888,
      "stdev_ms": 0.0020047119193986216,
      "ops_per_sec": 831255.1100109558
    },
    "get_performance": {
      "mean_ms": 0.0011072000124840997,
      "median_ms": 0.0010000003385357559,
      "min_ms": 0.0008999995770864189,
      "max_ms": 0.03790000482695177,
      "stdev_ms": 0.0014138838003302497,
      "ops_per_sec": 903179.1805677575
    },
    "delete_performance": {
      "mean_ms": 0.0006193999070092104,
      "median_ms": 0.000500003807246685,
      "min_ms": 0.00039999576983973384,
      "max_ms": 0.040099999750964344,
      "stdev_ms": 0.0014151064065344376,
      "ops_per_sec": 1614465.854262923
    },
    "size_performance": {
      "mean_ms": 0.00016800003504613414,
      "median_ms": 0.000200001522898674,
      "min_ms": 9.999348549172282e-05,
      "max_ms": 0.0024999972083605826,
      "stdev_ms": 8.89038446253648e-05,
      "ops_per_sec": 5952379.710667275
    }
  },
  "metadata": {
    "iterations": 1000,
    "timestamp": 1768125758.2356353
  }
}