{
  "TREE_GRAPH_BASIC": {
    "mode": "TREE_GRAPH_BASIC",
    "name": "Tree Graph Basic",
    "error": null,
    "add_edge_performance": {
      "mean_ms": 0.003603000004659407,
      "median_ms": 0.0029000002541579306,
      "min_ms": 0.0026999987312592566,
      "max_ms": 0.06199999916134402,
      "ops_per_sec": 277546.48867799
    },
    "get_neighbors_performance": {
      "mean_ms": 0.003358000103617087,
      "median_ms": 0.0029000002541579306,
      "min_ms": 0.0025999979698099196,
      "max_ms": 0.031100000342121348
    }
  },
  "ADJ_LIST": {
    "mode": "ADJ_LIST",
    "name": "Adj List",
    "error": null,
    "add_edge_performance": {
      "mean_ms": 0.005487999987963121,
      "median_ms": 0.0032999996619764715,
      "min_ms": 0.0030000010156072676,
      "max_ms": 0.161899999511661,
      "ops_per_sec": 182215.74383988863
    },
    "get_neighbors_performance": {
      "mean_ms": 0.003040999981749337,
      "median_ms": 0.0026999987312592566,
      "min_ms": 0.0024999972083605826,
      "max_ms": 0.01460000203223899
    }
  },
  "DYNAMIC_ADJ_LIST": {
    "mode": "DYNAMIC_ADJ_LIST",
    "name": "Dynamic Adj List",
    "error": null,
    "add_edge_performance": {
      "mean_ms": 0.0033579998489585705,
      "median_ms": 0.0032999996619764715,
      "min_ms": 0.0030999981390777975,
      "max_ms": 0.006000002031214535,
      "ops_per_sec": 297796.3207205426
    },
    "get_neighbors_performance": {
      "mean_ms": 0.0029019999419688247,
      "median_ms": 0.0025000008463393897,
      "min_ms": 0.0022999993234407157,
      "max_ms": 0.012799999240087345
    }
  },
  "ADJ_MATRIX": {
    "mode": "ADJ_MATRIX",
    "name": "Adj Matrix",
    "error": null,
    "add_edge_performance": {
      "mean_ms": 0.0033350000012433156,
      "median_ms": 0.0032999996619764715,
      "min_ms": 0.0030999981390777975,
      "max_ms": 0.004999998054699972,
      "ops_per_sec": 299850.07485073217
    },
    "get_neighbors_performance": {
      "mean_ms": 0.0028380001094774343,
      "median_ms": 0.0026000016077887267,
      "min_ms": 0.0024000000848900527,
      "max_ms": 0.008200000593205914
    }
  },
  "BLOCK_ADJ_MATRIX": {
    "mode": "BLOCK_ADJ_MATRIX",
    "name": "Block Adj Matrix",
    "error": null,
    "add_edge_performance": {
      "mean_ms": 0.0033660000190138817,
      "median_ms": 0.0032999996619764715,
      "min_ms": 0.0030999981390777975,
      "max_ms": 0.006399997801054269,
      "ops_per_sec": 297088.5307044545
    },
    "get_neighbors_performance": {
      "mean_ms": 0.002879999883589335,
      "median_ms": 0.0026000016077887267,
      "min_ms": 0.0024000000848900527,
      "max_ms": 0.011000000085914508
    }
  },
  "CSR": {
    "mode": "CSR",
    "name": "Csr",
    "error": null,
    "add_edge_performance": {
      "mean_ms": 0.003384999799891375,
      "median_ms": 0.0031999989005271345,
      "min_ms": 0.0030999981390777975,
      "max_ms": 0.01179999890155159,
      "ops_per_sec": 295420.9923534087
    },
    "get_neighbors_performance": {
      "mean_ms": 0.0028250000104890205,
      "median_ms": 0.0026000016077887267,
      "min_ms": 0.0024999972083605826,
      "max_ms": 0.007300001016119495
    }
  },
  "CSC": {
    "mode": "CSC",
    "name": "Csc",
    "error": null,
    "add_edge_performance": {
      "mean_ms": 0.0033380000240867957,
      "median_ms": 0.0031999989005271345,
      "min_ms": 0.0029999973776284605,
      "max_ms": 0.013600001693703234,
      "ops_per_sec": 299580.5850161964
    },
    "get_neighbors_performance": {
      "mean_ms": 0.002716999988479074,
      "median_ms": 0.0025000008463393897,
      "min_ms": 0.0022999993234407157,
      "max_ms": 0.006900001608300954
    }
  },
  "COO": {
    "mode": "COO",
    "name": "Coo",
    "error": null,
    "add_edge_performance": {
      "mean_ms": 0.0032669999563950114,
      "median_ms": 0.0031999989005271345,
      "min_ms": 0.0029999973776284605,
      "max_ms": 0.007599999662488699,
      "ops_per_sec": 306091.21926755557
    },
    "get_neighbors_performance": {
      "mean_ms": 0.0027450000925455242,
      "median_ms": 0.0025000008463393897,
      "min_ms": 0.0024000000848900527,
      "max_ms": 0.006499998562503606
    }
  },
  "BIDIR_WRAPPER": {
    "mode": "BIDIR_WRAPPER",
    "name": "Bidir Wrapper",
    "error": null,
    "add_edge_performance": {
      "mean_ms": 0.0032559999817749485,
      "median_ms": 0.0031999989005271345,
      "min_ms": 0.0030000010156072676,
      "max_ms": 0.004699999408330768,
      "ops_per_sec": 307125.3088444025
    },
    "get_neighbors_performance": {
      "mean_ms": 0.0027250001585343853,
      "median_ms": 0.0025000008463393897,
      "min_ms": 0.0024000000848900527,
      "max_ms": 0.006499998562503606
    }
  },
  "TEMPORAL_EDGESET": {
    "mode": "TEMPORAL_EDGESET",
    "name": "Temporal Edgeset",
    "error": null,
    "add_edge_performance": {
      "mean_ms": 0.0033650000477791764,
      "median_ms": 0.0032000025385059416,
      "min_ms": 0.0029999973776284605,
      "max_ms": 0.009700001101009548,
      "ops_per_sec": 297176.81598845066
    },
    "get_neighbors_performance": {
      "mean_ms": 0.002824999755830504,
      "median_ms": 0.0026000016077887267,
      "min_ms": 0.0024000000848900527,
      "max_ms": 0.007499998901039362
    }
  },
  "HYPEREDGE_SET": {
    "mode": "HYPEREDGE_SET",
    "name": "Hyperedge Set",
    "error": null,
    "add_edge_performance": {
      "mean_ms": 0.003610000239859801,
      "median_ms": 0.0032999996619764715,
      "min_ms": 0.0030999981390777975,
      "max_ms": 0.01729999712551944,
      "ops_per_sec": 277008.29184400174
    },
    "get_neighbors_performance": {
      "mean_ms": 0.003012999914062675,
      "median_ms": 0.0025999979698099196,
      "min_ms": 0.0024000000848900527,
      "max_ms": 0.01309999788645655
    }
  },
  "EDGE_PROPERTY_STORE": {
    "mode": "EDGE_PROPERTY_STORE",
    "name": "Edge Property Store",
    "error": null,
    "add_edge_performance": {
      "mean_ms": 0.0038449999556178227,
      "median_ms": 0.0032999996619764715,
      "min_ms": 0.0029999973776284605,
      "max_ms": 0.03369999831193127,
      "ops_per_sec": 260078.02640905828
    },
    "get_neighbors_performance": {
      "mean_ms": 0.002880999782064464,
      "median_ms": 0.0025999979698099196,
      "min_ms": 0.0024000000848900527,
      "max_ms": 0.010399999155197293
    }
  },
  "R_TREE": {
    "mode": "R_TREE",
    "name": "R Tree",
    "error": null,
    "add_edge_performance": {
      "mean_ms": 0.0034130000494769774,
      "median_ms": 0.0031999989005271345,
      "min_ms": 0.0029999973776284605,
      "max_ms": 0.011199997970834374,
      "ops_per_sec": 292997.3587762603
    },
    "get_neighbors_performance": {
      "mean_ms": 0.0027930000578635372,
      "median_ms": 0.0025000008463393897,
      "min_ms": 0.0024000000848900527,
      "max_ms": 0.007700000423938036
    }
  },
  "QUADTREE": {
    "mode": "QUADTREE",
    "name": "Quadtree",
    "error": null,
    "add_edge_performance": {
      "mean_ms": 0.0032589998954790644,
      "median_ms": 0.0031999989005271345,
      "min_ms": 0.0029999973776284605,
      "max_ms": 0.005099998816149309,
      "ops_per_sec": 306842.5995923521
    },
    "get_neighbors_performance": {
      "mean_ms": 0.0029469999572029337,
      "median_ms": 0.0026000016077887267,
      "min_ms": 0.0023999964469112456,
      "max_ms": 0.007400001777568832
    }
  },
  "OCTREE": {
    "mode": "OCTREE",
    "name": "Octree",
    "error": null,
    "add_edge_performance": {
      "mean_ms": 0.0033209998946404085,
      "median_ms": 0.0032000025385059416,
      "min_ms": 0.0030000010156072676,
      "max_ms": 0.005300000339047983,
      "ops_per_sec": 301114.13180525805
    },
    "get_neighbors_performance": {
      "mean_ms": 0.0028650000240304507,
      "median_ms": 0.0026000016077887267,
      "min_ms": 0.0024000000848900527,
      "max_ms": 0.010799998563015833
    }
  },
  "FLOW_NETWORK": {
    "mode": "FLOW_NETWORK",
    "name": "Flow Network",